{
    "euler_angle": [-0.13800935447216034,1.3662991523742676,-0.11708331853151321],
    "mat": [[0.20168453454971313,-0.018077323213219643,0.9792836308479309,0.0],[-0.023722393438220024,0.999446451663971,0.02333519048988819,0.0],[-0.9791631102561951,-0.027937354519963264,0.2011440247297287,0.0],[0.0,0.0,0.0,1.0]]
}
