{
    "euler_angle": [3.131061553955078,-0.0031376536935567856,3.1030805110931396],
    "mat": [[-0.9992532730102539,0.03853338584303856,-0.0027294259052723646,0.0],[0.03850241377949715,0.9992014765739441,0.01064417976886034,0.0],[0.0031376476399600506,0.010530960746109486,-0.9999400973320007,0.0],[0.0,0.0,0.0,1.0]]
}
