{
    "euler_angle": [-0.14108964800834656,0.8356387615203857,-0.06888089329004288],
    "mat": [[0.6691141128540039,-0.03591301664710045,0.742293119430542,0.0],[-0.046162206679582596,0.9948944449424744,0.08974568545818329,0.0],[-0.741725742816925,-0.09431594610214233,0.6640408039093018,0.0],[0.0,0.0,0.0,1.0]]
}
