{
    "euler_angle": [-0.2721062898635864,-1.2395591735839844,0.2586979568004608],
    "mat": [[0.3143913447856903,-0.0007156135397963226,-0.9492934346199036,0.0],[0.08319669961929321,0.9961727857589722,0.02680259197950363,0.0],[0.9456407427787781,-0.08740457147359848,0.3132476210594177,0.0],[0.0,0.0,0.0,1.0]]
}
