{
    "euler_angle": [-0.4033818542957306,-0.0037891347892582417,-0.015925714746117592],
    "mat": [[0.9998666048049927,0.016134146600961685,0.0027664664667099714,0.0],[-0.015924936160445213,0.9195986986160278,0.3925372064113617,0.0],[0.003789127804338932,-0.3925282657146454,0.919732391834259,0.0],[0.0,0.0,0.0,1.0]]
}
