{
    "euler_angle": [-1.489672303199768,-1.0794808864593506,1.4791591167449951],
    "mat": [[0.04317265748977661,-0.00027576787397265434,-0.9990676641464233,0.0],[0.46980661153793335,0.8825420141220093,0.020058194175362587,0.0],[0.8817130923271179,-0.4702345132827759,0.03823122754693031,0.0],[0.0,0.0,0.0,1.0]]
}
